Gene,Mutation,Info
PF3D7_0523000,p.Asn86Tyr,type=drug_resistance;drug=chloroquine;source=https://www.who.int/publications/i/item/9789240012813
PF3D7_0523000,p.Tyr184Phe,type=drug_resistance;drug=chloroquine;source=https://www.who.int/publications/i/item/9789240012813
PF3D7_0523000,p.Ser1034Cys,type=drug_resistance;drug=chloroquine;source=https://www.who.int/publications/i/item/9789240012813
PF3D7_0523000,p.Asn1042Asp,type=drug_resistance;drug=chloroquine;source=https://www.who.int/publications/i/item/9789240012813
PF3D7_0523000,p.Asp1246Tyr,type=drug_resistance;drug=chloroquine;source=https://www.who.int/publications/i/item/9789240012813
PF3D7_0709000,p.Cys72Ser,type=drug_resistance;drug=chloroquine;source=https://www.who.int/publications/i/item/9789240012813
PF3D7_0709000,p.Met74Ile,type=drug_resistance;drug=chloroquine;source=https://www.who.int/publications/i/item/9789240012813
PF3D7_0709000,p.Asn75Glu,type=drug_resistance;drug=chloroquine;source=https://www.who.int/publications/i/item/9789240012813
PF3D7_0709000,p.Lys76Thr,type=drug_resistance;drug=chloroquine;source=https://www.who.int/publications/i/item/9789240012813
PF3D7_0709000,p.Ala220Ser,type=drug_resistance;drug=chloroquine;source=https://www.who.int/publications/i/item/9789240012813
PF3D7_0709000,p.Gln271Glu,type=drug_resistance;drug=chloroquine;source=https://www.who.int/publications/i/item/9789240012813
PF3D7_0709000,p.Asn326Ser,type=drug_resistance;drug=chloroquine;source=https://www.who.int/publications/i/item/9789240012813
PF3D7_0709000,p.Ile356Thr,type=drug_resistance;drug=chloroquine;source=https://www.who.int/publications/i/item/9789240012813
PF3D7_0709000,p.Arg371Ile,type=drug_resistance;drug=chloroquine;source=https://www.who.int/publications/i/item/9789240012813
PF3D7_0417200,p.Asn51Ile,type=drug_resistance;drug=pyrimethamine;source=https://www.who.int/publications/i/item/9789240012813
PF3D7_0417200,p.Cys59Arg,type=drug_resistance;drug=pyrimethamine;source=https://www.who.int/publications/i/item/9789240012813
PF3D7_0417200,p.Ser108Asn,type=drug_resistance;drug=pyrimethamine;source=https://www.who.int/publications/i/item/9789240012813
PF3D7_0417200,p.Ile164Leu,type=drug_resistance;drug=pyrimethamine;source=https://www.who.int/publications/i/item/9789240012813
PF3D7_0810800,p.Ile431Val,type=drug_resistance;drug=sulfadoxine;source=https://www.who.int/publications/i/item/9789240012813
PF3D7_0810800,p.Ser436Ala,type=drug_resistance;drug=sulfadoxine;source=https://www.who.int/publications/i/item/9789240012813
PF3D7_0810800,p.Ser436Phe,type=drug_resistance;drug=sulfadoxine;source=https://www.who.int/publications/i/item/9789240012813
PF3D7_0810800,p.Ala437Gly,type=drug_resistance;drug=sulfadoxine;source=https://www.who.int/publications/i/item/9789240012813
PF3D7_0810800,p.Lys540Glu,type=drug_resistance;drug=sulfadoxine;source=https://www.who.int/publications/i/item/9789240012813
PF3D7_0810800,p.Ala581Gly,type=drug_resistance;drug=sulfadoxine;source=https://www.who.int/publications/i/item/9789240012813
PF3D7_0810800,p.Ala613Ser,type=drug_resistance;drug=sulfadoxine;source=https://www.who.int/publications/i/item/9789240012813
PF3D7_0810800,p.Ala613Thr,type=drug_resistance;drug=sulfadoxine;source=https://www.who.int/publications/i/item/9789240012813
PF3D7_1343700,p.Phe446Ile,type=drug_resistance;drug=artemisinin;source=https://www.who.int/publications/i/item/9789240012813
PF3D7_1343700,p.Asn458Tyr,type=drug_resistance;drug=artemisinin;source=https://www.who.int/publications/i/item/9789240012813
PF3D7_1343700,p.Cys469Tyr,type=drug_resistance;drug=artemisinin;source=https://www.who.int/publications/i/item/9789240012813
PF3D7_1343700,p.Met476Ile,type=drug_resistance;drug=artemisinin;source=https://www.who.int/publications/i/item/9789240012813
PF3D7_1343700,p.Tyr493His,type=drug_resistance;drug=artemisinin;source=https://www.who.int/publications/i/item/9789240012813
PF3D7_1343700,p.Arg539Thr,type=drug_resistance;drug=artemisinin;source=https://www.who.int/publications/i/item/9789240012813
PF3D7_1343700,p.Ile543Thr,type=drug_resistance;drug=artemisinin;source=https://www.who.int/publications/i/item/9789240012813
PF3D7_1343700,p.Pro553Leu,type=drug_resistance;drug=artemisinin;source=https://www.who.int/publications/i/item/9789240012813
PF3D7_1343700,p.Arg561His,type=drug_resistance;drug=artemisinin;source=https://www.who.int/publications/i/item/9789240012813
PF3D7_1343700,p.Cys580Tyr,type=drug_resistance;drug=artemisinin;source=https://www.who.int/publications/i/item/9789240012813
PF3D7_1343700,p.Ala675Val,type=drug_resistance;drug=artemisinin;source=https://www.who.int/publications/i/item/9789240012813